site_id,nrcs_name,usgs_id,elevation,latitude,longitude,season_start_month,season_end_month
hungry_horse_reservoir_inflow,Hungry Horse Reservoir Inflow,12362500.0,3040.0,48.35663,-114.03762,4,7
snake_r_nr_heise,Snake R nr Heise,13037500.0,5015.0,43.6125,-111.66,4,7
pueblo_reservoir_inflow,Pueblo Reservoir Inflow,7099400.0,4740.0,38.27167,-104.71803,4,7
sweetwater_r_nr_alcova,Sweetwater R nr Alcova,6639000.0,5890.0,42.48996,-107.13394,4,7
missouri_r_at_toston,Missouri R at Toston,6054500.0,3906.0,46.14604,-111.42052,4,7
animas_r_at_durango,Animas R at Durango,9361500.0,6502.0,37.27917,-107.88034,4,7
yampa_r_nr_maybell,Yampa R nr Maybell,9251000.0,5900.0,40.50275,-108.03342,4,7
libby_reservoir_inflow,Libby Reservoir Inflow,12301933.0,2100.0,48.40079,-115.32072,4,7
boise_r_nr_boise,Boise R nr Boise,13202000.0,2827.0,43.52767,-116.05955,4,7
green_r_bl_howard_a_hanson_dam,Green R bl Howard A Hanson Dam,12105900.0,990.0,47.28371,-121.79789,4,7
taylor_park_reservoir_inflow,Taylor Park Reservoir Inflow,9109000.0,9170.0,38.81833,-106.6092,4,7
dillon_reservoir_inflow,Dillon Reservoir Inflow,9050700.0,8760.0,39.62554,-106.06641,4,7
ruedi_reservoir_inflow,Ruedi Reservoir Inflow,9080190.0,7766.0,39.36139,-106.81861,4,7
fontenelle_reservoir_inflow,Fontenelle Reservoir Inflow,9211150.0,6506.0,42.02778,-110.06667,4,7
weber_r_nr_oakley,Weber R nr Oakley,10128500.0,6640.0,40.73717,-111.24797,4,7
san_joaquin_river_millerton_reservoir,,11251000.0,296.55,36.98439397,-119.7243124,4,7
merced_river_yosemite_at_pohono_bridge,,11266500.0,3882.0,37.71627778,-119.6656667,4,7
american_river_folsom_lake,,11446220.0,239.0,38.70452778,-121.164361,4,7
colville_r_at_kettle_falls,Colville R at Kettle Falls,12409000.0,1400.0,48.59435,-118.06249,4,7
stehekin_r_at_stehekin,Stehekin R at Stehekin,12451000.0,1099.0,48.32958,-120.69177,4,7
detroit_lake_inflow,Detroit Lake Inflow,14181500.0,1094.0,44.75262,-122.29841,4,6
virgin_r_at_virtin,Virgin R at Virtin,9406000.0,3500.0,37.20415,-113.18078,4,7
skagit_ross_reservoir,,,1220.0,48.732171,-121.0676138,4,7
boysen_reservoir_inflow,Boysen Reservoir Inflow,6259000.0,4609.0,43.42496,-108.17899,4,7
pecos_r_nr_pecos,Pecos R nr Pecos,8378500.0,7503.0,35.70835,-105.6827,3,7
owyhee_r_bl_owyhee_dam,Owyhee R bl Owyhee Dam,13183000.0,2344.0,43.65444,-117.25583,4,7
12502500:WA:USGS,Ahtanum Ck at Union Gap,12502500,940.0,46.53596,-120.4734,4,7
08236000:CO:USGS,Alamosa Ck ab Terrace Reservoir,08236000,8600.0,37.37473,-106.33476,4,7
10164500:UT:USGS,American Fk ab Upper Powerplant,10164500,5950.0,40.44773,-111.68215,4,7
11446500:CA:USGS,American R A Fair Oaks CA,11446500,72.0,38.63546,-121.22773,4,7
12488500:WA:USGS,American R nr Nile,12488500,2700.0,46.97762,-121.1687,4,7
14362000:OR:USGS,Applegate Lake Inflow,14362000,1748.0,42.06374,-123.11144,4,7
07091500:CO:USGS,Arkansas R at Salida,07091500,7050.0,38.54583,-106.01057,4,7
10311200:NV:USGS,Ash Canyon Ck nr Carson City,10311200,5080.0,39.1763,-119.80574,4,7
09266500:UT:USGS,Ashley Ck nr Vernal,09266500,6231.0,40.57746,-109.62209,4,7
13335050:WA:USGS,Asotin Ck at Asotin,13335050,760.0,46.34072,-117.05599,4,7
06093200:MT:USGS,Badger Ck nr Browning,06093200,4179.0,48.34619,-112.84176,4,7
12193500:WA:USGS,Baker R at Concrete,12193500,190.0,48.54,-121.74194,4,7
06710385:CO:USGS,Bear Ck ab Evergreen,06710385,7080.0,39.63317,-105.33694,4,7
13330500:OR:USGS,Bear Ck nr Wallowa,13330500,3250.0,45.52681,-117.55241,4,7
10020100:WY:USGS,Bear R ab Resv nr Woodruff,10020100,6455.0,41.43439,-111.01769,4,7
10046500:ID:USGS,Bear R bl Stewart Dam,10046500,5950.0,42.25382,-111.29381,4,7
10011500:UT:USGS,Bear R nr Ut-Wy State Line,10011500,7965.0,40.96523,-110.85351,4,7
10234500:UT:USGS,Beaver R nr Beaver,10234500,6200.0,38.28053,-112.56827,4,7
06016000:MT:USGS,Beaverhead R at Barretts,06016000,5268.0,45.11631,-112.75058,4,7
06015400:MT:USGS,Beaverhead R nr Grant,06015400,5443.0,45.00325,-112.85364,4,7
09261700:UT:USGS,Big Brush Ck ab Red Fleet Reservoir,09261700,5625.0,40.58885,-109.46541,4,7
11237000:CA:USGS,Big C bl Huntington Lk CA,11237000,6630.0,37.22133,-119.21262,4,7
10023000:UT:USGS,Big Ck nr Randolph,10023000,6410.0,41.60994,-111.25409,4,7
10168500:UT:USGS,Big Cottonwood Ck nr SLC,10168500,4990.0,40.61856,-111.78188,4,7
06301850:WY:USGS,Big Goose Ck nr Sheridan,06301850,4650.0,44.69575,-107.19075,4,7
06024450:MT:USGS,Big Hole R bl Big Lake Ck at Wisdom,06024450,6040.0,45.61853,-113.45784,4,7
06025500:MT:USGS,Big Hole R nr Melrose,06025500,5033.0,45.52659,-112.70169,4,7
13120500:ID:USGS,Big Lost R at Howell Ranch,13120500,6622.0,43.99833,-114.02111,4,7
13127000:ID:USGS,Big Lost R bl Mackay Reservoir,13127000,5946.0,43.93917,-113.64833,4,7
09213500:WY:USGS,Big Sandy R nr Farson,09213500,6770.0,42.31689,-109.48569,4,7
06738000:CO:USGS,Big Thompson R at Canyon Mouth,06738000,5305.0,40.42165,-105.22665,4,7
13141000:ID:USGS,Big Wood R ab Magic Reservoir,13141000,4820.0,43.32806,-114.34167,4,7
13139510:ID:USGS,Big Wood R at Hailey,13139510,5295.0,43.51722,-114.32167,4,7
13142500:ID:USGS,Big Wood R bl Magic Dam,13142500,4662.0,43.24806,-114.35667,4,7
06279500:WY:USGS,Bighorn R at Kane,06279500,3660.0,44.75857,-108.1815,4,7
06287000:MT:USGS,Bighorn R nr St. Xavier,06287000,3158.0,45.31663,-107.91872,4,7
12344000:MT:USGS,Bitterroot R nr Darby,12344000,3942.0,45.97205,-114.14123,4,7
12352800:MT:USGS,Bitterroot R nr Missoula,12352800,3110.0,46.83187,-114.054,4,7
12340000:MT:USGS,Blackfoot R nr Bonner,12340000,3345.0,46.89965,-113.75649,4,7
09217900:UT:USGS,Blacks Fk nr Robertson,09217900,8811.0,40.95911,-110.58017,4,7
10113500:UT:USGS,Blacksmith Fk nr Hyrum,10113500,5021.0,41.62355,-111.73883,4,7
14162200:OR:USGS,Blue Lake Inflow,14162200,1057.0,44.16235,-122.33312,4,7
09057500:CO:USGS,Blue R bl Green Mountain Reservoir,09057500,7683.0,39.88026,-106.33392,4,7
150028:CA:USGS,Boca Res Local Inflow,150028,5620.0,39.39041,-120.09559,4,7
13185000:ID:USGS,Boise R nr Twin Springs,13185000,3310.0,43.66806,-115.72528,4,7
06727000:CO:USGS,Boulder Ck nr Orodell,06727000,5826.0,40.00637,-105.33083,4,7
06200000:MT:USGS,Boulder R at Big Timber,06200000,4056.0,45.83411,-109.9388,4,7
06033000:MT:USGS,Boulder R nr Boulder,06033000,4810.0,46.21104,-112.09166,4,7
12321500:ID:USGS,Boundary Ck nr Porthill,12321500,1770.0,48.99717,-116.5691,4,7
BOWLLAKE:NM:USGS,Bowl Canyon Ck ab Asaayi Lake,BOWLLAKE,7520.0,35.984,-108.9256,4,7
152BDLIN:AK:USGS,Bradley Lake Inflow,152BDLIN,2300.0,59.7472,-150.7981,4,7
13161500:NV:USGS,Bruneau R at Rowland,13161500,4500.0,41.93333,-115.67361,4,7
13168500:ID:USGS,Bruneau R nr Hot Spring,13168500,2599.0,42.77111,-115.72028,4,7
06282000:WY:USGS,Buffalo Bill Reservoir Inflow,06282000,4900.0,44.51662,-109.09792,4,7
13011900:WY:USGS,Buffalo Fk ab Lava Ck nr Moran,13011900,6773.0,43.83806,-110.44083,4,7
06225000:WY:USGS,Bull Lake Ck nr Lenore,06225000,5654.0,43.24246,-109.02291,4,7
12488000:WA:USGS,Bumping Lake Inflow,12488000,3367.0,46.87261,-121.29259,4,7
13273000:OR:USGS,Burnt R nr Hereford,13273000,3758.0,44.50377,-118.17744,4,7
14032000:OR:USGS,Butter Ck nr Pine City,14032000,1400.0,45.54429,-119.31224,4,7
06752000:CO:USGS,Cache La Poudre at Canyon Mouth,06752000,5220.0,40.66443,-105.22443,4,7
13112000:ID:USGS,Camas Ck at Camas,13112000,4807.0,44.00278,-112.22111,4,7
13141500:ID:USGS,Camas Ck nr Blaine,13141500,4870.0,43.33278,-114.54194,4,7
14042500:OR:USGS,Camas Ck nr Ukiah,14042500,3589.0,45.1568,-118.82053,4,7
CTOMWASH:NM:USGS,Captain Tom Wash nr Two Gray Hills,CTOMWASH,5900.0,36.2373,-108.8045,4,7
10312000:NV:USGS,Carson R at Ft Churchill,10312000,4180.0,39.29167,-119.31111,4,7
10311000:NV:USGS,Carson R nr Carson City,10311000,4620.0,39.10769,-119.71323,4,7
13320000:OR:USGS,Catherine Ck nr Union,13320000,3082.0,45.15542,-117.77493,4,7
12115000:WA:USGS,Cedar R nr Cedar Falls,12115000,1560.0,47.37011,-121.6251,4,7
10131000:UT:USGS,Chalk Ck at Coalville,10131000,5561.0,40.9205,-111.40159,4,7
07091000:CO:USGS,Chalk Ck nr Nathrop,07091000,8113.0,38.73361,-106.16002,4,7
12433200:WA:USGS,Chamokane Ck nr Long Lake,12433200,1420.0,47.86322,-117.85829,4,7
12452500:WA:USGS,Chelan R at Chelan,12452500,1090.0,47.83458,-120.01313,4,7
15493000:AK:USGS,Chena R nr Two Rivers,15493000,720.0,64.90237,-146.35937,4,7
11277300:CA:USGS,Cherry C bl Valley Dam nr Hetch Hetchy C,11277300,4337.0,37.9677,-119.9174,4,7
10384000:OR:USGS,Chewaucan R nr Paisley,10384000,4430.0,42.6846,-120.56997,4,7
07206000:NM:USGS,Cimarron R bl Eagle Nest Dam,07206000,8080.0,36.53213,-105.22814,4,7
07207000:NM:USGS,Cimarron R nr Cimarron,07207000,6600.0,36.51983,-104.97861,4,7
10172500:UT:USGS,City Ck nr SLC,10172500,4540.0,40.79245,-111.87716,4,7
14209500:OR:USGS,Clackamas R ab Three Lynx,14209500,1092.0,45.12484,-122.07341,4,7
14210000:OR:USGS,Clackamas R at Estacada,14210000,287.0,45.29984,-122.35397,4,7
12324680:MT:USGS,Clark Fk at Goldcreek,12324680,4173.0,46.58999,-112.92871,4,7
12340400:MT:USGS,Clark Fork R ab Milltown,12340400,3280.0,46.86486,-113.87644,4,7
12340500:MT:USGS,Clark Fork R ab Missoula,12340500,3198.0,46.87715,-113.93233,4,7
12354500:MT:USGS,Clark Fork R at St. Regis,12354500,2600.0,47.30187,-115.08736,4,7
12391950:ID:USGS,Clark Fork R bl Cabinet Gorge Dam,12391950,2060.0,48.08806,-116.07278,4,7
12353000:MT:USGS,Clark Fork R bl Missoula,12353000,3084.0,46.86909,-114.12678,4,7
12389000:MT:USGS,Clark Fork R nr Plains,12389000,2449.0,47.42966,-114.85597,4,7
06207500:MT:USGS,Clarks Fk Yellowstone R nr Belfry,06207500,3986.0,45.01023,-109.06542,4,7
12479000:WA:USGS,Cle Elum Lake Inflow,12479000,2102.0,47.24456,-121.06786,4,7
10194200:UT:USGS,Clear Ck ab Diversions nr Sevier,10194200,5680.0,38.57942,-112.28854,4,7
06719505:CO:USGS,Clear Ck at Golden,06719505,5695.0,39.75304,-105.23527,4,7
11470099:CA:USGS,Clear Lake Inflow,11470099,4480.0,41.92831,-121.07754,4,7
13340000:ID:USGS,Clearwater R at Orofino,13340000,991.0,46.47833,-116.2575,4,7
13342500:ID:USGS,Clearwater R at Spalding,13342500,770.0,46.4485,-116.82737,4,7
10243700:NV:USGS,Cleve Ck nr Ely,10243700,6200.0,39.21658,-114.52964,4,7
10242000:UT:USGS,Coal Ck nr Cedar City,10242000,6000.0,37.6722,-113.03467,4,7
09118450:CO:USGS,Cochetopa Ck bl Rock Ck nr Parlin,09118450,8470.0,38.33555,-106.77226,4,7
09379900:AZ:USGS,Colorado R at Glen Canyon Dam,09379900,3100.0,36.92166,-111.48349,4,7
09019000:CO:USGS,Colorado R bl Lake Granby,09019000,8050.0,40.14415,-105.86723,4,7
09095500:CO:USGS,Colorado R nr Cameo,09095500,4814.0,39.23915,-108.26619,4,7
09180500:UT:USGS,Colorado R nr Cisco,09180500,4090.0,38.81054,-109.29345,4,7
09070500:CO:USGS,Colorado R nr Dotsero,09070500,6130.0,39.64461,-107.07801,4,7
09058000:CO:USGS,Colorado R nr Kremmling,09058000,7320.0,40.03667,-106.43944,4,7
12436500:WA:USGS,Columbia R at Grand Coulee-NWS,12436500,900.0,47.96543,-118.9828,4,7
14105700:OR:USGS,Columbia R at The Dalles-NWS,14105700,120.0,45.60828,-121.18992,4,7
12462600:WA:USGS,Columbia R bl Rock Island Dam-NWS,12462600,500.0,47.33235,-120.08117,4,7
08245000:CO:USGS,Conejos R bl Platoro Reservoir,08245000,9867.0,37.35501,-106.5442,4,7
08246500:CO:USGS,Conejos R nr Mogote,08246500,8274.0,37.0539,-106.18753,4,7
08253900:NM:USGS,Costilla Ck bl Costilla Dam,08253900,9300.0,36.87281,-105.28367,4,7
08255500:NM:USGS,Costilla Ck nr Costilla,08255500,7936.0,36.96686,-105.50711,4,7
11335000:CA:USGS,Cosumnes R A Michigan Bar CA,11335000,168.0,38.50019,-121.04522,4,7
14159500:OR:USGS,Cougar Lake Inflow,14159500,1236.0,44.13596,-122.24839,4,7
14308990:OR:USGS,Cow Ck ab Galesville Reservoir,14308990,1900.0,42.82333,-123.12472,4,7
14243000:WA:USGS,Cowlitz R at Castle Rock,14243000,25.0,46.27483,-122.91456,4,7
14238000:WA:USGS,Cowlitz R bl Mayfield,14238000,227.0,46.51039,-122.61622,4,7
14053500:OR:USGS,Crane Prairie Reservoir Inflow,14053500,4420.0,43.75361,-121.7825,4,7
14060000:OR:USGS,Crescent Lake Inflow,14060000,4820.0,43.5029,-121.97336,4,7
07114000:CO:USGS,Cucharas R nr La Veta,07114000,7781.0,37.42001,-105.05278,4,7
08250000:CO:USGS,Culebra Ck at San Luis,08250000,8000.0,37.18389,-105.42583,4,7
09286700:UT:USGS,Currant Ck bl Currant Ck Dam,09286700,7550.0,40.33078,-111.04961,4,7
13236500:ID:USGS,Deadwood Reservoir Inflow,13236500,5181.0,44.29194,-115.64194,4,7
10371500:OR:USGS,Deep Ck ab Adel,10371500,4980.0,42.18905,-120.00162,4,7
06410000:SD:USGS,Deerfield Reservoir Inflow,06410000,5785.0,44.02915,-103.78187,4,7
DELU1:UT:USGS,Dell Fk nr SLC,DELU1,5800.0,40.76881,-111.7023,4,7
14064500:OR:USGS,Deschutes R at Benham Falls,14064500,4142.0,43.93012,-121.41197,4,7
14050000:OR:USGS,Deschutes R bl Snow Ck,14050000,4445.0,43.81401,-121.77697,4,7
06221400:WY:USGS,Dinwoody Ck nr Burris,06221400,6500.0,43.34551,-109.41014,4,7
09166500:CO:USGS,Dolores R at Dolores,09166500,6940.0,37.47249,-108.49759,4,7
09169000:CO:USGS,Dolores R bl Mcphee Reservoir,09169000,6666.0,37.57694,-108.57194,4,7
10338500:CA:USGS,Donner Lk Inflow,10338500,5294.0,39.32361,-120.23333,4,7
10396000:OR:USGS,Donner Und Blitzen R nr Frenchglen,10396000,4254.0,42.79083,-118.8675,4,7
09279150:UT:USGS,Duchesne R ab Knight Diversion,09279150,5840.0,40.27051,-110.44266,4,7
09295000:UT:USGS,Duchesne R at Myton,09295000,5061.0,40.20024,-110.06376,4,7
09302000:UT:USGS,Duchesne R nr Randlett,09302000,4756.0,40.21028,-109.78139,4,7
09277500:UT:USGS,Duchesne R nr Tabiona,09277500,6190.0,40.30023,-110.60238,4,7
12048000:WA:USGS,Dungeness R nr Sequim,12048000,569.0,48.01426,-123.13268,4,7
10172952:UT:USGS,Dunn Ck nr Park Valley,10172952,6250.0,41.85853,-113.32722,4,7
06095400:MT:USGS,Dupuyer Ck nr Valier,06095400,3920.0,48.23608,-112.3981,4,7
13340950:ID:USGS,Dworshak Reservoir Inflow,13340950,1500.0,46.51528,-116.29611,4,7
10293000:CA:USGS,E Walker R nr Bridgeport,10293000,6400.0,38.3277,-119.21488,4,7
09070000:CO:USGS,Eagle R bl Gypsum,09070000,6275.0,39.64943,-106.95366,4,7
10133800:UT:USGS,East Canyon Ck nr Jeremy Ranch,10133800,6240.0,40.75967,-111.56409,4,7
10134500:UT:USGS,East Canyon Ck nr Morgan,10134500,5460.0,40.92245,-111.60715,4,7
09398300:AZ:USGS,East Clear Ck bl Blue Ridge Reservoir,09398300,6620.0,34.5553,-111.18403,4,7
09219750:UT:USGS,East Fork Smiths Fork bl Stateline Res,09219750,9080.0,40.98919,-110.38379,4,7
09112500:CO:USGS,East R at Almont,09112500,8006.0,38.66444,-106.8481,4,7
10131500:UT:USGS,Echo Reservoir Inflow,10131500,5440.0,40.96772,-111.4377,4,7
10309000:NV:USGS,EF Carson R nr Gardnerville,10309000,5000.0,38.84491,-119.70462,4,7
10189000:UT:USGS,EF Sevier R nr Kingston,10189000,6160.0,38.19637,-112.1477,4,7
09242500:CO:USGS,Elk R nr Milner,09242500,6590.0,40.51472,-106.95333,4,7
09246200:CO:USGS,Elkhead Ck ab Long Gulch,09246200,6405.0,40.59167,-107.32028,4,7
12045500:WA:USGS,Elwha at Mcdonald Bridge,12045500,200.0,48.055,-123.58194,4,7
08279000:NM:USGS,Embudo Ck at Dixon,08279000,5859.0,36.21086,-105.91363,4,7
10172000:UT:USGS,Emigration Ck nr SLC,10172000,4870.0,40.74995,-111.81327,4,7
06625000:WY:USGS,Encampment R nr Encampment,06625000,6970.0,41.3033,-106.71531,4,7
06041000:MT:USGS,Ennis Lake Inflow,06041000,4689.0,45.49021,-111.63414,4,7
12452800:WA:USGS,Entiat R nr Ardenvoir,12452800,1561.0,47.81846,-120.42314,4,7
13047600:ID:USGS,Falls R nr Ashton,13047600,5390.0,44.05611,-111.35861,4,7
09326500:UT:USGS,Ferron Ck Upper Station nr Ferron,09326500,6210.0,39.10414,-111.21656,4,7
09310500:UT:USGS,Fish Ck ab Reservoir nr Scofield,09310500,7670.0,39.77444,-111.19028,4,7
12363000:MT:USGS,Flathead R at Columbia Falls,12363000,2978.0,48.36191,-114.18485,4,7
12372000:MT:USGS,Flathead R nr Polson,12372000,2693.0,47.68022,-114.24679,4,7
12330100:MT:USGS,Flint Ck bl Boulder Ck,12330100,4700.0,46.48917,-113.23611,4,7
12325500:MT:USGS,Flint Ck nr Southern Cross,12325500,5630.0,46.23298,-113.29978,4,7
09363100:CO:USGS,Florida R bl Lemon Reservoir nr Durango,09363100,7920.0,37.37917,-107.66111,4,7
14186600:OR:USGS,Foster Lake Inflow,14186600,600.0,44.41667,-122.67361,4,7
10348850:NV:USGS,Galena Ck at Galena Ck State Pk,10348850,6320.0,39.35444,-119.8575,4,7
06052500:MT:USGS,Gallatin R at Logan,06052500,4086.0,45.88521,-111.4383,4,7
06043500:MT:USGS,Gallatin R nr Gateway,06043500,5168.0,45.49743,-111.27051,4,7
08380500:NM:USGS,Gallinas Ck nr Montezuma,08380500,6880.0,35.65199,-105.31883,4,7
11483400:OR:USGS,Gerber Reservoir Inflow,11483400,4835.0,42.20292,-121.12737,4,7
06078600:MT:USGS,Gibson Reservoir Inflow,06078600,4786.0,47.64078,-112.86032,4,7
09430500:NM:USGS,Gila R at Gila,09430500,4655.0,33.0615,-108.53739,4,7
09432000:NM:USGS,Gila R bl Blue Ck nr Virden,09432000,3875.0,32.64813,-108.84589,4,7
09469499:AZ:USGS,Gila R bl Coolidge Dam,09469499,2309.0,33.16951,-110.53121,4,7
09448500:AZ:USGS,Gila R nr Solomon,09448500,3140.0,32.88272,-109.47961,4,7
13082500:ID:USGS,Goose Ck abv Trapper Ck nr Oakley,13082500,4770.0,42.12611,-113.93556,4,7
13333000:OR:USGS,Grande Ronde R at Troy,13333000,1586.0,45.9457,-117.45101,4,7
07095000:CO:USGS,Grape Ck nr Westcliffe,07095000,7690.0,38.18611,-105.48361,4,7
10010000:UT:USGS,Great Salt Lake Inflow,10010000,4200.0,40.73133,-112.21356,4,7
14186100:OR:USGS,Green Peter Lake Inflow,14186100,750.0,44.44818,-122.55036,4,7
09234400:UT:USGS,Green R at Flaming Gorge Dam,09234400,5594.0,40.90829,-109.42291,4,7
09315000:UT:USGS,"Green R at Green River, UT",09315000,4040.0,38.98608,-110.15125,4,7
09188500:WY:USGS,Green R at Warren Bridge,09188500,7468.0,43.01883,-110.11822,4,7
09217000:WY:USGS,"Green R nr Green River, WY",09217000,6060.0,41.51635,-109.44902,4,7
06276500:WY:USGS,Greybull R at Meeteetse,06276500,5739.0,44.15551,-108.87708,4,7
13023000:WY:USGS,Greys R ab Reservoir nr Alpine,13023000,5729.0,43.14306,-110.97694,4,7
15200280:AK:USGS,Gulkana R at Sourdough,15200280,1846.0,62.52039,-145.53302,4,7
09124800:CO:USGS,Gunnison R at Blue Mesa Dam,09124800,7149.0,38.45333,-107.33361,4,7
09114500:CO:USGS,Gunnison R Near Gunnison,09114500,7655.0,38.54194,-106.94977,4,7
09152500:CO:USGS,Gunnison R nr Grand Junction,09152500,4628.0,38.98332,-108.45064,4,7
09223000:WY:USGS,Hams Fk bl Pole Ck nr Frontier,09223000,7455.0,42.11049,-110.70962,4,7
09223100:WY:USGS,Hams Fk bl Viva Naughton Reservoir,09223100,7160.0,41.96337,-110.66011,4,7
06038500:MT:USGS,Hebgen Lake Inflow,06038500,6448.0,44.86659,-111.33829,4,7
00600:MT:USGS,Hellroaring Creek ab Reservoir nr Polson,00600,3739.0,47.70835,-114.02143,4,7
13046000:ID:USGS,Henrys Fk nr Ashton,13046000,5090.0,44.06972,-111.51056,4,7
13056500:ID:USGS,Henrys Fk nr Rexburg,13056500,4806.0,43.82583,-111.905,4,7
14145500:OR:USGS,Hills Creek Reservoir Inflow,14145500,1208.0,43.72096,-122.43783,4,7
10378500:OR:USGS,Honey Ck nr Plush,10378500,4553.0,42.42488,-119.92328,4,7
14120000:OR:USGS,Hood R at Tucker Bridge,14120000,383.0,45.6554,-121.54841,4,7
07111000:CO:USGS,Huerfano R nr Redwing,07111000,8270.0,37.72778,-105.3514,4,7
10327500:NV:USGS,Humboldt R at Comus,10327500,4360.0,40.99213,-117.31762,4,7
10322500:NV:USGS,Humboldt R at Palisade,10322500,4826.0,40.60742,-116.20174,4,7
10321000:NV:USGS,Humboldt R nr Carlin,10321000,4932.0,40.7277,-116.00924,4,7
10318500:NV:USGS,Humboldt R nr Elko,10318500,5142.0,40.93603,-115.62451,4,7
10333000:NV:USGS,Humboldt R nr Imlay,10333000,4130.0,40.6924,-118.20431,4,7
09317801:UT:USGS,Huntington Ck bl Electric Lake,09317801,8400.0,39.5992,-111.2086,4,7
09317997:UT:USGS,Huntington Ck nr Huntington,09317997,6450.0,39.38524,-111.08822,4,7
06049450:MT:USGS,Hyalite Reservoir Inflow,06049450,5540.0,45.5616,-111.07078,4,7
12458000:WA:USGS,Icicle Ck nr Leavenworth,12458000,1450.0,47.54095,-120.72009,4,7
14377100:OR:USGS,Illinois R nr Kerby,14377100,1199.0,42.23178,-123.66368,4,7
13292000:OR:USGS,Imnaha R at Imnaha,13292000,1941.0,45.56238,-116.83432,4,7
10343000:CA:USGS,Independence Lk Inflow,10343000,6940.0,39.45667,-120.28611,4,7
13162225:NV:USGS,Jarbidge River Below Jarbidge,13162225,6050.0,41.89056,-115.42778,4,7
06036650:MT:USGS,Jefferson R nr Three Forks,06036650,4077.0,45.89771,-111.59664,4,7
06026500:MT:USGS,Jefferson R nr Twin Bridges,06026500,4560.0,45.61243,-112.33056,4,7
08329000:NM:USGS,Jemez R bl Jemez Canyon Dam,08329000,5096.0,35.39042,-106.53461,4,7
08324000:NM:USGS,Jemez R nr Jemez,08324000,5622.0,35.66198,-106.74344,4,7
13313000:ID:USGS,Johnson Ck at Yellow Pine,13313000,4656.0,44.96167,-115.5,4,7
12476000:WA:USGS,Kachess Reservoir Inflow,12476000,2188.0,47.26123,-121.20342,4,7
11210950:CA:USGS,Kaweah R bl Terminus Dam CA,11210950,500.0,36.41412,-119.0126,4,7
12474500:WA:USGS,Keechelus Reservoir Inflow,12474500,2422.0,47.32122,-121.3362,4,7
15258000:AK:USGS,Kenai R at Cooper Landing,15258000,420.0,60.49219,-149.80992,4,7
11187000:CA:USGS,Kern R A Kernville CA,11187000,2622.0,35.7544,-118.42342,4,7
12404500:WA:USGS,Kettle R nr Laurier,12404500,1426.0,48.98435,-118.2164,4,7
10311100:NV:USGS,Kings Canyon Ck nr Carson City,10311100,5180.0,39.1538,-119.80796,4,7
11221500:CA:USGS,Kings R bl Pine Flat Dam CA,11221500,557.0,36.8305,-119.33624,4,7
10249280:NV:USGS,Kingston Ck nr Austin,10249280,6480.0,39.21243,-117.11342,4,7
14107000:WA:USGS,Klickitat R nr Glenwood,14107000,2720.0,46.26484,-121.24508,4,7
14113000:WA:USGS,Klickitat R nr Pitt,14113000,289.0,45.75651,-121.21007,4,7
12305000:MT:USGS,Kootenai R at Leonia,12305000,1830.0,48.61772,-116.04741,4,7
15896000:AK:USGS,Kuparuk R nr Deadhorse,15896000,0.0,70.28139,-148.96279,4,7
15304000:AK:USGS,Kuskokwim R at Crooked Creek,15304000,150.0,61.86874,-158.11378,4,7
10329000:NV:USGS,L Humboldt R nr Paradise Valley,10329000,4470.0,41.41582,-117.37351,4,7
10344400:CA:USGS,L Truckee R ab Boca Reservoir,10344400,5619.0,39.43574,-120.08437,4,7
08238000:CO:USGS,La Jara Ck nr Capulin,08238000,8130.0,37.2089,-106.18836,4,7
09365500:CO:USGS,La Plata R at Hesperus,09365500,8105.0,37.28972,-108.04063,4,7
06649000:WY:USGS,La Prele Ck nr Douglas,06649000,5600.0,42.68108,-105.63055,4,7
09124500:CO:USGS,Lake Fk at Gateview,09124500,7828.0,38.29888,-107.23006,4,7
09291000:UT:USGS,Lake Fk R bl Moon Lk nr Mountain Home,09291000,7970.0,40.55634,-110.48461,4,7
13240000:ID:USGS,Lake Fork Payette R nr Mccall,13240000,5140.0,44.91361,-115.99722,4,7
09400910:AZ:USGS,Lake Mary Reservoir Inflow,09400910,6800.0,35.12139,-111.59222,4,7
06330000:MT:USGS,Lake Sakakawea Inflow,06330000,1830.0,48.10808,-103.71464,4,7
05016000:MT:USGS,Lake Sherburne Inflow,05016000,4730.0,48.83026,-113.51732,4,7
150017:CA:USGS,Lake Tahoe Net Inflow,150017,6220.0,39.16729,-120.143,4,7
10316500:NV:USGS,Lamoille Ck nr Lamoille,10316500,6240.0,40.69076,-115.477,4,7
06659500:WY:USGS,Laramie R and Pioneer Cnl nr Woods Lndg,06659500,7389.0,41.13803,-105.98084,4,7
10243260:NV:USGS,Lehman Ck nr Baker,10243260,6700.0,39.01161,-114.21444,4,7
13305000:ID:USGS,Lemhi R nr Lemhi,13305000,4960.0,44.94,-113.63917,4,7
14220500:WA:USGS,Lewis R at Ariel,14220500,44.0,45.95178,-122.56399,4,7
06012500:MT:USGS,Lima Reservoir Inflow,06012500,6530.0,44.65602,-112.37139,4,7
10105900:UT:USGS,Little Bear R at Paradise,10105900,4740.0,41.57549,-111.85522,4,7
06294000:MT:USGS,Little Bighorn R nr Hardin,06294000,2882.0,45.73581,-107.55731,4,7
15511000:AK:USGS,Little Chena R nr Fairbanks,15511000,459.0,64.88569,-147.24965,4,7
09384000:AZ:USGS,Little Colorado R ab Lyman Lake,09384000,6010.0,34.31449,-109.36232,4,7
10167500:UT:USGS,Little Cottonwood Ck nr SLC,10167500,5080.0,40.57773,-111.79799,4,7
14063000:OR:USGS,Little Deschutes R nr La Pine,14063000,4193.0,43.68901,-121.5028,4,7
06303500:WY:USGS,Little Goose Ck nr Big Horn,06303500,4860.0,44.59608,-107.04007,4,7
06661000:WY:USGS,Little Laramie R nr Filmore,06661000,7610.0,41.29497,-106.03473,4,7
13118700:ID:USGS,Little Lost R bl Wet Ck nr Howe,13118700,5880.0,44.13861,-113.24528,4,7
06233000:WY:USGS,Little Popo Agie R nr Lander,06233000,5436.0,42.71663,-108.64345,4,7
09257000:WY:USGS,Little Snake R nr Dixon,09257000,6331.0,41.0283,-107.54923,4,7
09260000:CO:USGS,Little Snake R nr Lily,09260000,5685.0,40.54858,-108.42426,4,7
09253000:CO:USGS,Little Snake R nr Slater,09253000,6830.0,40.99941,-107.14339,4,7
15290000:AK:USGS,Little Susitna R nr Palmer,15290000,917.0,61.70974,-149.23194,4,7
06235500:WY:USGS,Little Wind R nr Riverton,06235500,4902.0,42.9975,-108.37542,4,7
13147900:ID:USGS,Little Wood R ab High Five Ck,13147900,5320.0,43.49306,-114.05722,4,7
13148500:ID:USGS,Little Wood R nr Carey,13148500,4991.0,43.39,-113.99972,4,7
13337000:ID:USGS,Lochsa R nr Lowell,13337000,1453.0,46.15083,-115.58722,4,7
10109000:UT:USGS,Logan R nr Logan,10109000,4680.0,41.74326,-111.78272,4,7
14150000:OR:USGS,Lookout Point Reservoir Inflow,14150000,592.0,43.94568,-122.8373,4,7
09353500:CO:USGS,Los Pinos R nr Bayfield,09353500,7583.0,37.38278,-107.57756,4,7
08248000:NM:USGS,Los Pinos R nr Ortiz,08248000,8040.0,36.98224,-106.07363,4,7
10132490:UT:USGS,Lost Ck Reservoir Inflow,10132490,6000.0,41.18467,-111.40048,4,7
14335001:OR:USGS,Lost Creek Lk Inflow,14335001,1580.0,42.65883,-122.6937,4,7
13330000:OR:USGS,Lostine R nr Lostine,13330000,3650.0,45.43876,-117.42741,4,7
13214000:OR:USGS,Malheur R nr Drewsey,13214000,3479.0,43.7846,-118.33159,4,7
10173450:UT:USGS,Mammoth Ck nr Hatch,10173450,7300.0,37.62276,-112.51688,4,7
09370500:CO:USGS,Mancos R nr Mancos,09370500,7235.0,37.35722,-108.2548,4,7
10215900:UT:USGS,Manti Ck bl Dugway Ck nr Manti,10215900,6500.0,39.25913,-111.57992,4,7
06099500:MT:USGS,Marias R nr Shelby,06099500,3088.0,48.4272,-111.88974,4,7
10336715:NV:USGS,Marlette Lake Inflow,10336715,7760.0,39.17213,-119.90796,4,7
10329500:NV:USGS,Martin Ck nr Paradise Valley,10329500,4700.0,41.53462,-117.4179,4,7
150021:CA:USGS,Martis Ck Res Inflow,150021,5745.0,39.327,-120.113,4,7
10315500:NV:USGS,Marys R nr Deeth,10315500,5504.0,41.2527,-115.25645,4,7
11368000:CA:USGS,Mccloud R ab Shasta Lk CA,11368000,1100.0,40.95821,-122.21973,4,7
10352500:NV:USGS,Mcdermitt Ck nr Mcdermitt,10352500,4545.0,41.96656,-117.83181,4,7
14022500:OR:USGS,Mckay Ck nr Pilot Rock,14022500,1344.0,45.54902,-118.77443,4,7
14158850:OR:USGS,Mckenzie R bl Trail Bridge,14158850,1980.0,44.2679,-122.04978,4,7
14162500:OR:USGS,Mckenzie R nr Vida,14162500,856.0,44.12485,-122.47062,4,7
11270000:CA:USGS,Merced R A Exchequer CA,11270000,400.0,37.58188,-120.28019,4,7
11266500:CA:USGS,Merced R A Pohono Bridge nr Yosemite CA,11266500,3862.0,37.71687,-119.66628,4,7
12449950:WA:USGS,Methow R nr Pateros,12449950,900.0,48.07736,-119.98507,4,7
11433500:CA:USGS,Mf American R nr Auburn CA,11433500,552.0,38.91795,-121.01522,4,7
12358500:MT:USGS,Mf Flathead R nr West Glacier,12358500,3129.0,48.49524,-114.01012,4,7
14044000:OR:USGS,Mf John Day R at Ritter,14044000,2545.0,44.88876,-119.14137,4,7
06309200:WY:USGS,Mf Powder R nr Barnum,06309200,7220.0,43.57774,-107.1384,4,7
12332000:MT:USGS,Mf Rock Ck nr Philipsburg,12332000,5444.0,46.18465,-113.50257,4,7
13309220:ID:USGS,Mf Salmon R at Mf Lodge,13309220,4380.0,44.72167,-115.01639,4,7
11292900:CA:USGS,Mf Stanislaus R bl Beardsley Dam CA,11292900,3045.0,38.19325,-120.09908,4,7
12374250:MT:USGS,Mill Ck ab Bassoo Ck nr Niarada,12374250,3000.0,47.82966,-114.69763,4,7
09183500:UT:USGS,Mill Ck at Sheley Tunnel nr Moab,09183500,5500.0,38.48304,-109.404,4,7
10170000:UT:USGS,Mill Ck nr SLC,10170000,5050.0,40.68884,-111.78271,4,7
14013000:WA:USGS,Mill Ck nr Walla Walla,14013000,2000.0,46.00792,-118.11856,4,7
11250100:CA:USGS,"Millerton Lake at Friant, CA",11250100,407.0,37.0,-119.7,4,7
08477110:NM:USGS,Mimbres R at Mimbres,08477110,5920.0,32.85468,-107.97379,4,7
12377150:MT:USGS,Mission Ck nr St. Ignatius,12377150,3460.0,47.32299,-113.97955,4,7
06090800:MT:USGS,Missouri R at Fort Benton,06090800,2614.0,47.81747,-110.66716,4,7
06132000:MT:USGS,Missouri R bl Fort Peck Dam,06132000,2018.0,48.04418,-106.35642,4,7
06115200:MT:USGS,Missouri R nr Landusky,06115200,2240.0,47.63082,-108.68765,4,7
06109500:MT:USGS,Missouri R nr Virgelle,06109500,2508.0,48.00497,-110.25771,4,7
13200000:ID:USGS,Mores Ck nr Arrowrock Dam,13200000,3120.0,43.64806,-115.98972,4,7
12306500:ID:USGS,Moyie R at Eastport,12306500,2620.0,48.99917,-116.17972,4,7
09131400:CO:USGS,Muddy Ck bl Paonia Reservoir,09131400,6266.0,38.93999,-107.35811,4,7
09330500:UT:USGS,Muddy Ck nr Emery,09330500,6400.0,38.98192,-111.24934,4,7
09041400:CO:USGS,Muddy Creek bl Wolford Mtn Reservoir,09041400,7380.0,40.1,-106.4,4,7
06120500:MT:USGS,Musselshell R at Harlowton,06120500,4171.0,46.42996,-109.84074,4,7
06126500:MT:USGS,Musselshell R nr Roundup,06126500,3188.0,46.42802,-108.57264,4,7
11413000:CA:USGS,N Yuba R bl Goodyears Bar CA,11413000,2453.0,39.52489,-120.93801,4,7
12494000:WA:USGS,Naches R nr Naches,12494000,1550.0,46.7454,-120.76924,4,7
09344400:CO:USGS,Navajo R bl Oso Diversion Dam nr Chromo,09344400,7648.0,37.03028,-106.73722,4,7
12335500:MT:USGS,Nevada Ck nr Helmville,12335500,4640.0,46.77827,-112.76754,4,7
09205000:WY:USGS,New Fork R nr Big Piney,09205000,6800.0,42.56717,-109.93015,4,7
11427000:CA:USGS,NF American R A North Fork Dam CA,11427000,715.0,38.93601,-121.02383,4,7
12413000:ID:USGS,NF Coeur dAlene R at Enaville,12413000,2100.0,47.56889,-116.25333,4,7
11404500:CA:USGS,NF Feather R A Pulga CA,11404500,1305.0,39.79405,-121.45191,4,7
12355500:MT:USGS,NF Flathead R nr Columbia Falls,12355500,3146.0,48.49552,-114.12762,4,7
09132500:CO:USGS,NF Gunnison R nr Somerset,09132500,6280.0,38.92582,-107.43422,4,7
10317500:NV:USGS,NF Humboldt R at Devils Gate,10317500,5370.0,41.17875,-115.49258,4,7
14046000:OR:USGS,NF John Day R at Monument,14046000,1960.0,44.81376,-119.43166,4,7
11215000:CA:USGS,NF Kings R nr Cliff Camp CA,11215000,6143.0,36.99383,-118.98122,4,7
13217500:OR:USGS,NF Malheur R at Beulah,13217500,3261.0,43.9075,-118.15333,4,7
11316670:CA:USGS,NF Mokelumne R bl Tiger C Res nr West Pt,11316670,2220.0,38.44019,-120.50493,4,7
13245000:ID:USGS,NF Payette R at Cascade,13245000,4720.0,44.52489,-116.0468,4,7
13246000:ID:USGS,NF Payette R nr Banks,13246000,3081.0,44.11417,-116.10722,4,7
06311000:WY:USGS,NF Powder R nr Hazelton,06311000,8180.0,44.02774,-107.0809,4,7
06279940:WY:USGS,NF Shoshone R at Wapiti,06279940,5580.0,44.46967,-109.43044,4,7
06652800:WY:USGS,North Platte R bl Glendo Reservoir,06652800,4489.0,42.45691,-104.94775,4,7
06656000:WY:USGS,North Platte R bl Guernsey Reservoir,06656000,4340.0,42.28052,-104.75469,4,7
06635500:WY:USGS,North Platte R bl Seminoe Reservoir,06635500,5930.0,42.17829,-106.87643,4,7
06620000:CO:USGS,North Platte R nr Northgate,06620000,7810.0,40.93664,-106.33919,4,7
14183000:OR:USGS,North Santiam R at Mehama,14183000,602.0,44.78901,-122.6187,4,7
14319500:OR:USGS,North Umpqua R at Winchester,14319500,373.0,43.27206,-123.4123,4,7
14209000:OR:USGS,Oak Grove Fk ab Powerplant,14209000,2100.0,45.07123,-121.94063,4,7
13083500:ID:USGS,Oakley Reservoir Inflow,13083500,4720.0,42.19528,-113.915,4,7
14085100:OR:USGS,Ochoco Reservoir Inflow,14085100,3050.0,44.29889,-120.72778,4,7
12447200:WA:USGS,Okanogan R at Malott,12447200,784.0,48.28126,-119.7045,4,7
12445000:WA:USGS,Okanogan R nr Tonasket,12445000,861.0,48.63238,-119.46172,4,7
11406800:CA:USGS,Oroville Reservoir Inflow,11406800,275.0,39.53333,-121.46666,4,7
10277400:CA:USGS,Owens R bl Tinemaha Re nr Big Pine CA,10277400,3880.0,37.05299,-118.22732,4,7
13174500:NV:USGS,Owyhee R nr Gold Ck,13174500,6119.0,41.68879,-115.84481,4,7
13181000:OR:USGS,Owyhee R nr Rome,13181000,3344.0,42.86639,-117.64917,4,7
13011500:WY:USGS,Pacific Ck at Moran,13011500,6720.0,43.85028,-110.51778,4,7
06411500:SD:USGS,Pactola Reservoir Inflow,06411500,4406.0,44.07665,-103.48213,4,7
10171500:UT:USGS,Parleys Ck nr SLC,10171500,4890.0,40.71661,-111.7841,4,7
13247500:ID:USGS,Payette R nr Horseshoe Bend,13247500,2626.0,43.94333,-116.19667,4,7
08382650:NM:USGS,Pecos R ab Santa Rosa Lk,08382650,4760.0,35.05944,-104.76111,4,7
08379500:NM:USGS,Pecos R nr Anton Chico,08379500,5130.0,35.17867,-105.1088,4,7
12395500:ID:USGS,Pend Oreille Lake Inflow,12395500,2000.0,48.18213,-117.03437,4,7
12396500:WA:USGS,Pend Oreille R bl Box Canyon,12396500,1900.0,48.78103,-117.41636,4,7
09349800:CO:USGS,Piedra R nr Arboles,09349800,6148.0,37.08834,-107.39783,4,7
09196500:WY:USGS,Pine Ck ab Fremont Lake,09196500,7450.0,43.0305,-109.77015,4,7
09337000:UT:USGS,Pine Ck nr Escalante,09337000,6400.0,37.8625,-111.63528,4,7
13290190:OR:USGS,Pine Ck nr Oxbow,13290190,1850.0,44.9525,-116.87417,4,7
10139001:UT:USGS,Pineview Reservoir Inflow,10139001,4880.0,41.2555,-111.84105,4,7
06323000:WY:USGS,Piney Ck at Kearny,06323000,4655.0,44.53553,-106.82228,4,7
11365000:CA:USGS,Pit R nr Montgomery Creek CA,11365000,1000.0,40.84321,-122.01722,4,7
07207500:NM:USGS,Ponil Ck nr Cimarron,07207500,6630.0,36.57369,-104.94681,4,7
15388960:AK:USGS,Porcupine R nr Intl Boundary,15388960,891.0,67.42392,-140.8938,4,7
13073000:ID:USGS,Portneuf R at Topaz,13073000,4918.0,42.62472,-112.08806,4,7
06324500:MT:USGS,Powder R at Moorehead,06324500,3351.0,45.05776,-105.87807,4,7
06326500:MT:USGS,Powder R nr Locate,06326500,2385.0,46.43,-105.30998,4,7
13275300:OR:USGS,Powder R nr Sumpter,13275300,3898.0,44.6721,-117.9955,4,7
09311000:UT:USGS,Price R nr Scofield Reservoir,09311000,7570.0,39.78691,-111.12017,4,7
12395000:ID:USGS,Priest R nr Priest River,12395000,2090.0,48.20852,-116.91464,4,7
12393501:ID:USGS,"Priest R Outflow NR Coolin, ID",12393501,2416.0,48.48803,-116.90858,4,7
14080500:OR:USGS,Prineville Reservoir Inflow,14080500,3071.0,44.11318,-120.79557,4,7
12390700:MT:USGS,Prospect Ck at Thompson Falls,12390700,2382.0,47.58606,-115.3551,4,7
10340500:CA:USGS,Prosser Ck Res Inflow,10340500,5572.0,39.37333,-120.13056,4,7
10155000:UT:USGS,Provo R at Hailstone,10155000,6220.0,40.60079,-111.33157,4,7
10154200:UT:USGS,Provo R at Woodland,10154200,6950.0,40.55773,-111.16878,4,7
10159500:UT:USGS,Provo R bl Deer Ck Dam,10159500,5270.0,40.40329,-111.52964,4,7
07124500:CO:USGS,Purgatoire R at Trinidad,07124500,5980.0,37.17085,-104.50915,4,7
07208500:NM:USGS,Rayado Ck nr Cimarron,07208500,6720.0,36.37234,-104.96929,4,7
06211900:MT:USGS,Red Lodge + Willow Ck nr Boyd,06211900,4248.0,45.43333,-109.25,4,7
08266820:NM:USGS,Red R bl Fish Hatchery nr Questa,08266820,7105.0,36.68284,-105.65412,4,7
12115500:WA:USGS,Rex R nr Cedar Falls,12115500,1700.0,47.35066,-121.66316,4,7
13172583:ID:USGS,Reynolds Ck at Tollgate,13172583,4626.0,43.14289,-116.76153,4,7
14034800:OR:USGS,Rhea Ck nr Heppner,14034800,2320.0,45.26124,-119.62391,4,7
12491500:WA:USGS,Rimrock Lake Inflow,12491500,2681.0,46.66262,-121.1248,4,7
09343300:CO:USGS,Rio Blanco bl Blanco Diversion,09343300,7858.0,37.20361,-106.81222,4,7
08285500:NM:USGS,Rio Chama bl El Vado Dam,08285500,6696.0,36.58038,-106.72477,4,7
08313000:NM:USGS,Rio Grande at Otowi Bridge,08313000,5488.0,35.8745,-106.14244,4,7
08358400:NM:USGS,Rio Grande at San Marcial,08358400,4455.0,33.67908,-106.997,4,7
08213500:CO:USGS,Rio Grande at Thirty Mile Bridge,08213500,9300.0,37.72472,-107.25561,4,7
08217500:CO:USGS,Rio Grande at Wagon Wheel Gap,08217500,8430.0,37.76695,-106.83143,4,7
08220000:CO:USGS,Rio Grande nr Del Norte,08220000,7980.0,37.68945,-106.46115,4,7
08267500:NM:USGS,Rio Hondo nr Valdez,08267500,7650.0,36.5418,-105.55652,4,7
08271000:NM:USGS,Rio Lucero nr Arroyo Seco,08271000,8051.0,36.50829,-105.53096,4,7
08294210:NM:USGS,Rio Nambe bl Nambe Falls Dam nr Nambe,08294210,6840.0,35.84611,-105.90972,4,7
09386900:NM:USGS,Rio Nutria nr Ramah,09386900,6860.0,35.28255,-108.55298,4,7
08276300:NM:USGS,Rio Pueblo De Taos bl Los Cordovas,08276300,6650.0,36.37933,-105.66783,4,7
08269000:NM:USGS,Rio Pueblo De Taos nr Taos,08269000,7380.0,36.43944,-105.50361,4,7
08387000:NM:USGS,Rio Ruidoso at Hollywood,08387000,6420.0,33.32669,-105.62533,4,7
09085000:CO:USGS,Roaring Fk at Glenwood Springs,09085000,5721.0,39.54359,-107.3295,4,7
06632400:WY:USGS,Rock Ck ab King Canyon Cnl nr Arlington,06632400,7790.0,41.58525,-106.22279,4,7
09277800:UT:USGS,Rock Ck at Upper Stillwater Dam,09277800,7968.0,40.55745,-110.69794,4,7
10324500:NV:USGS,Rock Ck nr Battle Mountain,10324500,4670.0,40.83041,-116.58834,4,7
06320000:WY:USGS,Rock Ck nr Buffalo,06320000,5280.0,44.45608,-106.87895,4,7
12334510:MT:USGS,Rock Ck nr Clinton,12334510,3519.0,46.72243,-113.68315,4,7
09279000:UT:USGS,Rock Ck nr Mountain Home,09279000,7250.0,40.49328,-110.57822,4,7
10129500:UT:USGS,Rockport Reservoir Inflow,10129500,5900.0,40.79273,-111.40492,4,7
14361500:OR:USGS,Rogue R at Grants Pass,14361500,884.0,42.4304,-123.31784,4,7
14359000:OR:USGS,Rogue R at Raygold,14359000,1122.0,42.43735,-122.98727,4,7
06019500:MT:USGS,Ruby R Reservoir Inflow,06019500,5400.0,45.19242,-112.14249,4,7
10172800:UT:USGS,S Willow Ck nr Grantsville,10172800,6360.0,40.49633,-112.5744,4,7
11414250:CA:USGS,S Yuba R A Langs Crossing nr Emigrant GA,11414250,4432.0,39.31851,-120.65771,4,7
11342000:CA:USGS,Sacramento R A Delta CA,11342000,1075.0,40.93959,-122.41724,4,7
11377100:CA:USGS,Sacramento R ab Bend Bridge nr Red Bluff,11377100,286.0,40.28849,-122.18666,4,7
15908000:AK:USGS,Sagavanirktok R nr Pump Station 3,15908000,1150.0,69.01465,-148.82003,4,7
10343500:CA:USGS,Sagehen Ck nr Truckee,10343500,6320.0,39.43157,-120.23798,4,7
08227000:CO:USGS,Saguache Ck nr Saguache,08227000,8030.0,38.16333,-106.29058,4,7
15484000:AK:USGS,Salcha R nr Salchaket,15484000,632.0,64.47236,-146.92627,4,7
10205030:UT:USGS,Salina Ck nr Emery,10205030,7000.0,38.91191,-111.53047,4,7
13105000:NV:USGS,Salmon Falls Ck nr San Jacinto,13105000,5120.0,41.94472,-114.68861,4,7
13302500:ID:USGS,Salmon R at Salmon,13302500,3911.0,45.18361,-113.89528,4,7
13317000:ID:USGS,Salmon R at White Bird,13317000,1413.0,45.75028,-116.32389,4,7
10146000:UT:USGS,Salt Ck at Nephi,10146000,5280.0,39.71301,-111.80438,4,7
13027500:WY:USGS,Salt R ab Reservoir nr Etna,13027500,5676.0,43.07972,-111.03722,4,7
09498500:AZ:USGS,Salt R nr Roosevelt,09498500,2177.0,33.61944,-110.92083,4,7
08247500:NM:USGS,San Antonio R at Ortiz,08247500,7970.0,36.99307,-106.03863,4,7
09444500:AZ:USGS,San Francisco R at Clifton,09444500,3436.0,33.04951,-109.2959,4,7
09444000:NM:USGS,San Francisco R at Glenwood,09444000,4560.0,33.24717,-108.88,4,7
09379500:UT:USGS,San Juan R Near Bluff,09379500,4048.0,37.14695,-109.86484,4,7
09355200:NM:USGS,San Juan R nr Archuleta,09355200,5653.0,36.80189,-107.69864,4,7
09346400:CO:USGS,San Juan R nr Carracas,09346400,6090.0,37.01362,-107.31227,4,7
09172500:CO:USGS,San Miguel R nr Placerville,09172500,7030.0,38.0425,-108.13333,4,7
14137000:OR:USGS,Sandy R nr Marmot,14137000,720.0,45.39956,-122.13731,4,7
08241500:CO:USGS,Sangre De Cristo Ck,08241500,7900.0,37.42501,-105.41501,4,7
09408400:UT:USGS,Santa Clara R nr Pine Valley,09408400,6640.0,37.38331,-113.48329,4,7
08291000:NM:USGS,Santa Cruz R at Cundiyo,08291000,6460.0,35.96472,-105.90472,4,7
08316000:NM:USGS,Santa Fe R nr Santa Fe,08316000,7720.0,35.68644,-105.84361,4,7
09323900:UT:USGS,Seely Ck bl Joes Valley Resv,09323900,6850.0,39.28889,-111.26944,4,7
13336500:ID:USGS,Selway R nr Lowell,13336500,1540.0,46.08667,-115.51389,4,7
09329050:UT:USGS,Seven Mile Ck nr Fish Lake,09329050,9200.0,38.62778,-111.64722,4,7
10174500:UT:USGS,Sevier R at Hatch,10174500,6870.0,37.65109,-112.43021,4,7
10217000:UT:USGS,Sevier R nr Gunnison,10217000,5025.0,39.15524,-111.87771,4,7
10183500:UT:USGS,Sevier R nr Kingston,10183500,5980.0,38.20609,-112.2077,4,7
13190500:ID:USGS,SF Boise R at Anderson Ranch Dam,13190500,3830.0,43.34361,-115.4775,4,7
12359800:MT:USGS,SF Flathead R nr Hungry Horse,12359800,3575.0,47.9791,-113.56068,4,7
10320000:NV:USGS,SF Humboldt R ab Dixie Ck,10320000,5140.0,40.68492,-115.8134,4,7
10319900:NV:USGS,SF Humboldt R ab Tenmile Ck nr Elko,10319900,5275.0,40.6275,-115.73052,4,7
12381400:MT:USGS,SF Jocko R nr Arlee,12381400,3970.0,47.19549,-113.85065,4,7
10137500:UT:USGS,SF Ogden R nr Huntsville,10137500,5190.0,41.26855,-111.6741,4,7
13235000:ID:USGS,SF Payette R at Lowman,13235000,3790.0,44.08528,-115.62222,4,7
08219500:CO:USGS,SF Rio Grande at South Fork,08219500,8222.0,37.65695,-106.64921,4,7
13310700:ID:USGS,SF Salmon R nr Krassel Ranger Station,13310700,3750.0,44.98694,-115.725,4,7
11230215:CA:USGS,SF San Joaquin R L Hooper C nr Florence,11230215,6949.0,37.30966,-118.92606,4,7
06281000:WY:USGS,SF Shoshone R ab Buffalo Bill Reservoir,06281000,5440.0,44.41912,-109.25793,4,7
06280300:WY:USGS,SF Shoshone R nr Valley,06280300,6200.0,44.20828,-109.55489,4,7
12147600:WA:USGS,SF Tolt R nr Index,12147600,1850.0,47.70677,-121.60011,4,7
14010000:OR:USGS,SF Walla Walla R nr Milton-Freewater,14010000,2050.0,45.82986,-118.16995,4,7
06278500:WY:USGS,Shell Ck nr Shell,06278500,4370.0,44.56496,-107.71287,4,7
06195600:MT:USGS,Shields R nr Livingston,06195600,4420.0,45.73827,-110.47993,4,7
15276000:AK:USGS,Ship Ck nr Anchorage,15276000,490.0,61.22501,-149.6372,4,7
11441900:CA:USGS,Silver C bl Camino Div Dam CA,11441900,2754.0,38.82379,-120.53937,4,7
10393500:OR:USGS,Silvies R nr Burns,10393500,4195.0,43.71515,-119.17744,4,7
12442500:WA:USGS,Similkameen R nr Nighthawk,12442500,1138.0,48.9846,-119.61841,4,7
12178000:WA:USGS,Skagit R at Newhalem,12178000,402.0,48.67179,-121.24623,4,7
09111500:CO:USGS,Slate R nr Crested Butte,09111500,8820.0,38.86971,-106.96949,4,7
06077200:MT:USGS,Smith R bl Eagle Ck,06077200,4350.0,46.828,-111.19217,4,7
10032000:WY:USGS,Smiths Fk nr Border,10032000,6650.0,42.29327,-110.87241,4,7
13022500:WY:USGS,Snake R ab Reservoir nr Alpine,13022500,5730.0,43.19611,-110.88944,4,7
13010065:WY:USGS,Snake R at Flagg Ranch,13010065,6802.0,44.09889,-110.6675,4,7
13077000:ID:USGS,Snake R at Neeley,13077000,4242.0,42.7675,-112.87944,4,7
13343600:WA:USGS,Snake R bl Lower Granite Dam-NWS,13343600,675.0,46.66766,-117.44491,4,7
13032500:ID:USGS,Snake R nr Irwin,13032500,5353.0,43.35083,-111.21889,4,7
13011000:WY:USGS,Snake R nr Moran,13011000,6760.0,43.85833,-110.58583,4,7
06729500:CO:USGS,South Boulder Ck nr Eldorado Springs,06729500,6080.0,39.9311,-105.29582,4,7
09378170:UT:USGS,South Ck ab Resv nr Monticello,09378170,7170.0,37.84667,-109.36889,4,7
12375900:MT:USGS,South Crow Ck nr Ronan,12375900,3320.0,47.4916,-114.02677,4,7
06694920:CO:USGS,South Platte R ab Spinney Res,06694920,8695.0,38.99749,-105.68167,4,7
06707500:CO:USGS,South Platte R at South Platte,06707500,6078.0,39.40916,-105.16999,4,7
06694650:CO:USGS,South Platte R bl Antero Reservoir,06694650,8950.0,38.99317,-105.89501,4,7
06701000:CO:USGS,South Platte R bl Cheesman Lk,06701000,6609.0,39.20916,-105.26777,4,7
06695500:CO:USGS,South Platte R nr Lake George,06695500,8458.0,38.90528,-105.47278,4,7
14187500:OR:USGS,South Santiam R at Waterloo,14187500,370.0,44.49846,-122.82342,4,7
14308000:OR:USGS,South Umpqua R at Tiller,14308000,992.0,42.9304,-122.94839,4,7
14312000:OR:USGS,South Umpqua R nr Brockway,14312000,463.0,43.13317,-123.39841,4,7
10150500:UT:USGS,Spanish Fk at Castilla,10150500,4870.0,40.04968,-111.54797,4,7
12433000:WA:USGS,Spokane R at Long Lake,12433000,1299.0,47.83655,-117.84135,4,7
12419000:ID:USGS,Spokane R nr Post Falls,12419000,2003.0,47.70306,-116.97778,4,7
11501000:OR:USGS,Sprague R nr Chiloquin,11501000,4202.0,42.58458,-121.84974,4,7
12414500:ID:USGS,St. Joe R at Calder,12414500,2172.0,47.27464,-116.18905,4,7
05020500:MT:USGS,St. Mary R at Intl Boundary,05020500,4116.0,49.01194,-113.29917,4,7
05017500:MT:USGS,St. Mary R nr Babb,05017500,4468.0,48.83331,-113.41982,4,7
06724000:CO:USGS,St. Vrain Ck at Lyons,06724000,5292.0,40.21804,-105.25999,4,7
10344300:CA:USGS,Stampede Reservoir Inflow,10344300,5690.0,39.47056,-120.10306,4,7
10349300:NV:USGS,Steamboat Ck at Steamboat,10349300,4600.0,39.37713,-119.74366,4,7
10244950:NV:USGS,Steptoe Ck nr Ely,10244950,7440.0,39.20154,-114.68916,4,7
06205000:MT:USGS,Stillwater R nr Absarokee,06205000,3874.0,45.55105,-109.38739,4,7
14037500:OR:USGS,Strawberry Ck nr Prairie City,14037500,4910.0,44.34155,-118.65661,4,7
09288180:UT:USGS,Strawberry R nr Duchesne,09288180,5722.0,40.15468,-110.55488,4,7
09285000:UT:USGS,Strawberry R nr Soldier Springs,09285000,7360.0,40.13329,-111.02489,4,7
14375100:OR:USGS,Sucker Ck nr Holland,14375100,1714.0,42.15,-123.46667,4,7
09143500:CO:USGS,Surface Ck at Cedaredge,09143500,6220.0,38.90165,-107.92118,4,7
12370000:MT:USGS,Swan R nr Bigfork,12370000,3063.0,48.0244,-113.97983,4,7
06094100:MT:USGS,Swift Reservoir Inflow,06094100,4790.0,48.16663,-112.87034,4,7
15056210:AK:USGS,Taiya R nr Skagway,15056210,50.0,59.51194,-135.34444,4,7
15292700:AK:USGS,Talkeetna R nr Talkeetna,15292700,400.0,62.34644,-150.0192,4,7
15485500:AK:USGS,Tanana R at Fairbanks,15485500,400.0,64.79234,-147.84131,4,7
15515500:AK:USGS,Tanana R at Nenana,15515500,339.0,64.56481,-149.09406,4,7
12117000:WA:USGS,Taylor Ck nr Selleck,12117000,940.0,47.38649,-121.84622,4,7
12480000:WA:USGS,Teanaway R bl Forks nr Cle Elum,12480000,2160.0,47.24651,-120.86119,4,7
08302500:NM:USGS,Tesuque Ck ab Diversions,08302500,7220.0,35.74,-105.89833,4,7
13052200:ID:USGS,Teton R nr Driggs,13052200,5953.0,43.78194,-111.20917,4,7
06108000:MT:USGS,Teton R nr Dutton,06108000,3235.0,47.93024,-111.55276,4,7
13055000:ID:USGS,Teton R nr St Anthony,13055000,4880.0,43.92722,-111.61389,4,7
12175500:WA:USGS,Thunder Ck nr Newhalem,12175500,1220.0,48.67263,-121.0729,4,7
12301300:MT:USGS,Tobacco R nr Eureka,12301300,2519.0,48.89358,-115.08795,4,7
09119000:CO:USGS,Tomichi Ck at Gunnison,09119000,7629.0,38.52111,-106.94096,4,7
09115500:CO:USGS,Tomichi Ck at Sargents,09115500,8416.0,38.39503,-106.42263,4,7
06306300:MT:USGS,Tongue R at State Line nr Decker,06306300,3429.0,45.00886,-106.83618,4,7
06298000:WY:USGS,Tongue R nr Dayton,06298000,4060.0,44.84941,-107.30453,4,7
09499000:AZ:USGS,Tonto Ck ab Gun Ck nr Roosevelt,09499000,2523.0,33.98004,-111.30347,4,7
13083000:ID:USGS,Trapper Ck nr Oakley,13083000,4820.0,42.16583,-113.98361,4,7
08240500:CO:USGS,Trinchera Ck ab Turners Ranch,08240500,8520.0,37.37473,-105.29501,4,7
11525500:CA:USGS,Trinity R at Lewiston CA,11525500,1830.0,40.72472,-122.80111,4,7
10406500:OR:USGS,Trout Ck nr Denio,10406500,4352.0,42.15545,-118.45934,4,7
10345999:CA:USGS,Truckee R ab Farad Sidewater,10345999,5153.0,39.427,-120.0341,4,7
10346000:CA:USGS,Truckee R at Farad,10346000,5153.0,39.42796,-120.03409,4,7
11204900:CA:USGS,Tule R bl Success Dam CA,11204900,536.0,36.05634,-118.92371,4,7
11276500:CA:USGS,Tuolumne R nr Hetch Hetchy CA,11276500,3430.0,37.93742,-119.79823,4,7
10366000:OR:USGS,Twentymile Ck nr Adel,10366000,4561.0,42.07211,-119.96272,4,7
06091700:MT:USGS,Two Medicine R bl South Fork nr Browning,06091700,3940.0,48.42695,-112.98998,4,7
09296800:UT:USGS,Uinta R bl Powerplant Diversion nr Neola,09296800,7330.0,40.59139,-110.11361,4,7
14020000:OR:USGS,Umatilla R ab Meacham Ck nr Gibbon,14020000,1855.0,45.71958,-118.32329,4,7
14021000:OR:USGS,Umatilla R at Pendleton,14021000,1054.0,45.67207,-118.79276,4,7
09147500:CO:USGS,Uncompahgre R at Colona,09147500,6319.0,38.33138,-107.7795,4,7
09147025:CO:USGS,Uncompahgre R bl Ridgway Reservoir,09147025,6650.0,38.24056,-107.76031,4,7
11507001:OR:USGS,Upper Klamath Lake Inflow,11507001,4098.0,42.24987,-121.81639,4,7
11502250:OR:USGS,Upper Williamson R,11502250,4175.0,42.57231,-121.87349,4,7
10166605:UT:USGS,Utah Lake Inflow,10166605,4500.0,40.38717,-111.90521,4,7
08242500:CO:USGS,Ute Ck nr Fort Garland,08242500,8045.0,37.44722,-105.42583,4,7
09508500:AZ:USGS,Verde R bl Tangle Ck ab Horseshoe Dam,09508500,2029.0,34.07309,-111.71626,4,7
07203000:NM:USGS,Vermejo R nr Dawson,07203000,6360.0,36.68103,-104.78639,4,7
10172700:UT:USGS,Vernon Ck nr Vernon,10172700,6200.0,39.97939,-112.38023,4,7
09415000:AZ:USGS,Virgin R at Littlefield,09415000,1764.0,36.89164,-113.92441,4,7
09408150:UT:USGS,Virgin R nr Hurricane,09408150,2836.0,37.16276,-113.39523,4,7
10166430:UT:USGS,W Canyon Ck nr Cedar Fort,10166430,5620.0,40.40523,-112.1005,4,7
10296000:CA:USGS,W Walker R bl L Walker R nr Coleville,10296000,6591.0,38.37964,-119.45016,4,7
10296500:CA:USGS,W Walker R nr Coleville,10296500,5520.0,38.51324,-119.44989,4,7
10136500:UT:USGS,Weber R at Gateway,10136500,4800.0,41.13689,-111.83244,4,7
10130500:UT:USGS,Weber R nr Coalville,10130500,5600.0,40.89523,-111.40186,4,7
13266000:ID:USGS,Weiser R nr Weiser,13266000,2206.0,44.27,-116.77222,4,7
12459000:WA:USGS,Wenatchee R at Peshastin,12459000,1028.0,47.58318,-120.61953,4,7
12457000:WA:USGS,Wenatchee R at Plain,12457000,1805.0,47.7629,-120.6662,4,7
06204050:MT:USGS,West Rosebud Ck nr Roscoe,06204050,6536.0,45.243,-109.73128,4,7
12342500:MT:USGS,WF Bitterroot R nr Conner,12342500,4581.0,45.72483,-114.28229,4,7
10310000:CA:USGS,WF Carson R nr Woodfords,10310000,5755.0,38.76963,-119.83379,4,7
09274899:UT:USGS,WF Duchesne R at Vat Diversion,09274899,7800.0,40.45028,-111.00361,4,7
14118500:OR:USGS,WF Hood R nr Dee,14118500,802.0,45.59845,-121.63591,4,7
WHEATFLD:AZ:USGS,Wheatfields Ck nr Wheatfields,WHEATFLD,7360.0,36.2232,-109.0667,4,7
09312600:UT:USGS,White R bl Tabbyune Creek,09312600,7230.0,39.87579,-111.03739,4,7
12098500:WA:USGS,White R nr Buckley,12098500,840.0,47.15121,-121.94983,4,7
09304500:CO:USGS,White R nr Meeker,09304500,6300.0,40.03358,-107.86229,4,7
09299500:UT:USGS,Whiterocks R nr Whiterocks,09299500,7200.0,40.59361,-109.93167,4,7
14075000:OR:USGS,Whychus Ck nr Sisters,14075000,3490.0,44.23373,-121.56699,4,7
14191000:OR:USGS,Willamette R at Salem,14191000,106.0,44.94429,-123.04287,4,7
09038500:CO:USGS,Williams Fk bl Williams Fk Reservoir,09038500,7615.0,40.03526,-106.2053,4,7
11502500:OR:USGS,Williamson R bl Sprague R nr Chiloquin,11502500,4149.0,42.56486,-121.87946,4,7
14034470:OR:USGS,Willow Ck ab Willow Ck Lake nr Heppner,14034470,2085.0,45.34068,-119.51585,4,7
09021000:CO:USGS,Willow Ck bl Willow Ck Reservoir,09021000,8024.0,40.14582,-105.94002,4,7
13058000:ID:USGS,Willow Ck nr Ririe,13058000,4950.0,43.58333,-111.74611,4,7
06035000:MT:USGS,Willow Ck Reservoir Inflow,06035000,4750.0,45.72298,-111.74109,4,7
06223900:WY:USGS,Wind R ab Bull Lake Ck,06223900,5650.0,43.24483,-109.02447,4,7
06228000:WY:USGS,Wind R at Riverton,06228000,4902.0,43.01051,-108.37677,4,7
12304500:MT:USGS,Yaak R nr Troy,12304500,1839.0,48.56189,-115.97018,4,7
12505001:WA:USGS,Yakima R nr Parker,12505001,886.0,46.49707,-120.44284,4,7
09237450:CO:USGS,Yampa R ab Stagecoach Reservoir,09237450,7200.0,40.26925,-106.88125,4,7
09239500:CO:USGS,Yampa R at Steamboat Springs,09239500,6695.0,40.48299,-106.83243,4,7
06214500:MT:USGS,Yellowstone R at Billings,06214500,3081.0,45.79995,-108.46736,4,7
06191500:MT:USGS,Yellowstone R at Corwin Springs,06191500,5079.0,45.11188,-110.79438,4,7
06192500:MT:USGS,Yellowstone R at Livingston,06192500,4542.0,45.59716,-110.56604,4,7
06309000:MT:USGS,Yellowstone R at Miles City,06309000,2333.0,46.42167,-105.86111,4,7
06186500:WY:USGS,Yellowstone R at Yellowstone Lake Outlet,06186500,7728.0,44.56744,-110.38076,4,7
09292500:UT:USGS,Yellowstone R nr Altonah,09292500,7430.0,40.51189,-110.34155,4,7
06329500:MT:USGS,Yellowstone R nr Sidney,06329500,1881.0,47.67835,-104.1566,4,7
11418000:CA:USGS,Yuba R bl Englebright Dam nr Smartville,11418000,279.0,39.23517,-121.27413,4,7
15356000:AK:USGS,Yukon R at Eagle,15356000,850.0,64.78917,-141.20009,4,7
15453500:AK:USGS,Yukon R nr Stevens Village,15453500,240.0,65.8751,-149.72035,4,7
09386950:NM:USGS,Zuni R ab Black Rock Reservoir,09386950,6480.0,35.10028,-108.75167,4,7
